style,port,ip,address,status

HTTP,808,122.114.31.177,河南郑州,高匿

HTTP,80,61.135.217.7,北京,高匿

HTTPS,8888,42.96.168.79,北京,高匿

HTTP,61234,113.122.14.75,山东菏泽,高匿

HTTP,6666,125.118.240.255,浙江杭州,高匿

HTTPS,8118,222.76.187.174,福建厦门,高匿

HTTPS,6666,144.255.122.15,山东,高匿

HTTPS,8118,222.76.187.114,福建厦门,高匿

HTTP,808,125.120.200.75,浙江杭州,高匿

HTTP,61234,119.179.208.242,山东枣庄,高匿

HTTPS,3128,115.213.176.4,浙江丽水,高匿

HTTP,6666,114.228.139.59,江苏常州,高匿

HTTP,8123,111.155.116.225,北京,高匿

HTTP,8123,111.155.116.237,北京,高匿

HTTP,61234,1.194.171.134,河南平顶山,高匿

HTTP,61234,125.119.218.150,浙江杭州,高匿

HTTPS,8118,117.36.103.170,陕西西安,高匿

HTTPS,61234,113.121.246.7,山东德州,高匿

HTTPS,61234,183.23.74.193,广东东莞,高匿

HTTP,8123,121.31.193.49,广西桂林,高匿

HTTP,8123,121.31.103.59,广西防城港,高匿

HTTP,3128,49.71.81.96,江苏苏州,高匿

HTTPS,6666,14.118.252.66,广东江门,高匿

HTTPS,61234,49.79.192.140,江苏,高匿

HTTPS,28225,114.238.55.3,江苏淮安,高匿

HTTP,21780,123.149.163.169,河南洛阳,高匿

HTTP,61234,113.121.243.133,山东德州,高匿

HTTPS,47591,125.104.253.22,浙江台州,高匿

HTTPS,61234,183.23.73.234,广东东莞,高匿

HTTP,61234,49.79.194.179,江苏,高匿

HTTP,808,171.13.37.209,河南,高匿

HTTPS,6666,60.176.236.51,浙江杭州,高匿

HTTPS,61202,27.36.158.142,广东佛山,高匿

HTTPS,40204,110.90.132.78,福建宁德,高匿

HTTP,8123,111.155.116.208,北京,高匿

HTTPS,808,123.163.166.31,河南三门峡,高匿

HTTPS,80,125.40.47.18,河南郑州,高匿

HTTPS,61202,125.77.80.164,福建福州,高匿

HTTPS,8118,180.212.140.219,天津,高匿

HTTPS,61202,222.41.154.226,陕西西安,高匿

HTTP,6666,125.122.171.170,浙江杭州,高匿

HTTPS,3128,183.144.215.75,浙江绍兴,高匿

HTTP,34625,123.55.90.13,河南新乡,高匿

HTTP,31595,171.12.225.159,河南,高匿

HTTPS,6666,125.118.78.175,浙江杭州,高匿

HTTPS,43010,113.121.178.128,山东,高匿

HTTPS,61202,36.49.82.213,吉林,高匿

HTTPS,34680,123.54.236.182,河南驻马店,高匿

HTTPS,8888,49.83.26.187,江苏盐城,高匿

HTTP,8118,101.87.7.11,上海,高匿

HTTPS,47240,120.37.173.210,福建泉州,高匿

HTTPS,35106,114.229.35.44,江苏镇江,高匿

HTTPS,61234,14.120.183.164,广东深圳,高匿

HTTPS,39939,115.213.144.11,浙江丽水,高匿

HTTP,8123,110.73.48.236,广西南宁,高匿

HTTPS,8118,110.84.176.151,福建福州,高匿

HTTP,80,122.237.104.89,浙江绍兴,高匿

HTTPS,6666,125.118.72.25,浙江杭州,高匿

HTTPS,10000,120.92.88.202,广东深圳,高匿

HTTP,1133,42.59.87.27,辽宁,高匿

HTTP,8123,111.155.124.84,北京,高匿

HTTP,8123,110.72.19.74,广西贵港,高匿

HTTP,61234,27.40.137.26,广东湛江,高匿

HTTP,61234,183.23.74.78,广东东莞,高匿

HTTPS,61202,219.139.109.10,湖北咸宁,高匿

HTTPS,8123,121.31.176.105,广西北海,高匿

HTTP,8123,111.155.116.220,北京,高匿

HTTPS,6666,114.228.238.60,江苏常州,高匿

HTTPS,6666,180.115.95.50,江苏常州,高匿

HTTP,22167,125.104.253.94,浙江台州,高匿

HTTP,808,125.118.76.144,浙江杭州,高匿

HTTP,6666,123.180.69.52,河北邢台,高匿

HTTP,45076,180.122.146.132,江苏泰州,高匿

HTTPS,41267,144.255.14.188,山东,高匿

HTTPS,61202,106.122.170.61,广东,高匿

HTTPS,61234,222.182.227.84,重庆,高匿

HTTPS,8123,182.88.179.223,广西南宁,高匿

HTTPS,36064,27.153.128.137,福建莆田,高匿

HTTP,53281,180.173.48.100,上海,高匿

HTTPS,6666,114.228.75.120,江苏常州,高匿

HTTP,8123,171.37.164.205,广西,高匿

HTTP,8123,110.72.35.166,广西贵港,高匿

HTTP,30582,120.38.103.14,福建龙岩,高匿

HTTPS,6666,115.198.37.71,浙江杭州,高匿

HTTPS,61234,182.45.132.172,山东,高匿

HTTP,80,123.11.37.66,河南信阳,高匿

HTTPS,3128,221.229.18.84,江苏扬州,高匿

HTTP,3128,59.32.37.239,广东河源,高匿

HTTPS,8123,221.7.231.192,广西北海,高匿

HTTPS,23471,182.39.0.232,山东聊城,高匿

HTTPS,8123,115.46.77.143,广西南宁,高匿

HTTP,28930,114.218.249.87,江苏苏州,高匿

HTTPS,3128,113.243.175.62,湖南,高匿

HTTP,6666,125.118.147.116,浙江杭州,高匿

HTTP,6666,14.118.255.48,广东江门,高匿

HTTPS,6666,14.118.254.18,广东江门,高匿

HTTPS,8888,180.117.96.150,江苏,高匿

HTTPS,6666,123.56.223.224,河北,高匿

HTTPS,8888,119.185.24.78,山东滨州,高匿

HTTP,32391,123.53.135.50,河南许昌,高匿

HTTPS,31288,118.212.137.135,江西,透明

HTTPS,3128,211.159.177.212,北京,透明

HTTPS,80,122.72.18.35,甘肃,透明

HTTPS,80,119.28.152.208,北京,透明

HTTPS,3128,106.14.146.58,,透明

HTTPS,8888,124.193.37.5,北京,透明

HTTPS,80,59.44.16.6,辽宁沈阳,透明

HTTPS,3128,114.215.95.188,北京,透明

HTTPS,3128,139.224.80.139,,透明

HTTPS,3128,59.67.152.230,天津,透明

HTTPS,80,122.72.18.34,甘肃,透明

HTTP,3128,119.28.112.130,北京,透明

HTTPS,3128,120.77.254.116,,透明

HTTPS,8888,120.78.78.141,,透明

HTTPS,80,114.113.126.83,北京,透明

HTTPS,53281,124.152.32.140,甘肃,透明

HTTP,8088,101.132.75.215,北京,透明

HTTPS,3128,101.37.79.125,,透明

HTTP,80,60.19.131.10,辽宁鞍山,透明

HTTP,8888,163.125.156.171,广东深圳,透明

HTTP,57273,222.186.45.145,江苏镇江,透明

HTTP,8888,171.217.59.3,四川成都,透明

HTTPS,80,114.113.126.87,北京,透明

HTTPS,9000,221.217.50.251,北京,透明

HTTPS,8088,183.14.110.236,广东深圳,透明

HTTPS,80,114.113.126.82,北京,透明

HTTPS,9797,180.152.105.203,上海,透明

HTTP,8080,124.205.155.156,北京,透明

HTTPS,10000,120.92.118.64,福建福州,透明

HTTPS,57624,222.186.12.102,江苏镇江,透明

HTTP,9999,112.95.105.95,广东深圳,透明

HTTPS,10000,120.92.119.120,福建福州,透明

HTTP,52163,222.186.45.121,江苏镇江,透明

HTTP,6666,121.231.145.40,江苏常州,透明

HTTPS,6666,218.93.164.53,江苏常州,透明

HTTPS,6666,222.185.23.153,江苏常州,透明

HTTP,55336,222.186.45.117,江苏镇江,透明

HTTPS,9797,113.116.125.94,广东深圳,透明

HTTP,9797,218.20.55.161,广东广州市天河区,透明

HTTPS,9999,182.121.200.47,河南洛阳,透明

HTTPS,6666,218.93.165.73,江苏常州,透明

HTTPS,9797,113.77.240.158,广东东莞,透明

HTTPS,9999,222.140.183.215,河南信阳,透明

HTTPS,56721,222.186.45.65,江苏镇江,透明

HTTPS,9999,27.44.198.37,广东东莞,透明

HTTP,9797,183.51.191.203,广东,透明

HTTPS,53281,175.171.190.183,辽宁大连,透明

HTTPS,9000,163.142.59.19,广东东莞,透明

HTTP,9797,120.86.107.186,广东东莞,透明

HTTP,9000,58.252.6.165,广东东莞,透明

HTTPS,6666,222.188.128.216,江苏常州,透明

HTTPS,6666,114.227.80.29,江苏常州,透明

HTTP,6666,121.231.226.196,江苏常州,透明

HTTPS,6666,180.116.214.119,江苏常州,透明

HTTPS,9797,61.144.16.58,广东广州市天河区,透明

HTTPS,9797,27.44.155.209,广东东莞,透明

HTTPS,3128,219.135.164.245,广东广州市海珠区,透明

HTTP,9797,59.38.61.224,广东珠海,透明

HTTPS,6666,114.228.90.28,江苏常州,透明

HTTPS,8888,163.125.69.189,广东深圳,透明

HTTPS,9999,220.198.98.194,广东湛江,透明

HTTP,9797,183.30.197.13,广东惠州,透明

HTTPS,3128,180.76.163.28,北京,透明

HTTPS,48888,139.198.12.227,,透明

HTTPS,8123,101.5.243.177,北京,透明

HTTPS,9797,114.246.144.20,北京,透明

HTTP,62222,222.186.45.122,江苏镇江,透明

HTTPS,3128,180.76.244.120,北京,透明

HTTPS,8888,112.95.206.212,广东深圳,透明

HTTPS,9797,219.136.174.39,广东广州市番禺区,透明

HTTPS,9999,106.113.243.203,河北,透明

HTTPS,9000,101.81.141.197,上海,透明

HTTPS,9000,101.88.92.82,上海,透明

HTTPS,9999,218.11.90.181,河北廊坊,透明

HTTPS,6666,180.116.214.147,江苏常州,透明

HTTP,9999,163.125.18.130,广东深圳,透明

HTTPS,9797,113.79.74.128,广东东莞,透明

HTTP,8888,163.125.18.101,广东深圳,透明

HTTP,8888,118.113.146.4,四川成都,透明

HTTPS,9797,113.93.224.54,广东江门,透明

HTTP,3128,180.76.160.32,北京,透明

HTTPS,9999,183.30.204.199,广东惠州,透明

HTTPS,3128,139.196.4.84,,透明

HTTP,888,121.227.126.90,江苏苏州,透明

HTTPS,7777,221.216.137.109,北京,透明

HTTP,8080,221.214.110.130,山东济南,透明

HTTPS,9797,112.192.46.237,四川达州,透明

HTTPS,9797,113.110.230.146,广东深圳,透明

HTTPS,9000,119.123.246.184,广东深圳,透明

HTTPS,43596,117.65.47.210,安徽蚌埠,透明

HTTPS,9797,112.192.44.147,四川达州,透明

HTTP,9999,182.91.129.17,广西桂林,透明

HTTPS,6666,180.116.188.112,江苏常州,透明

HTTPS,8123,222.29.28.227,北京,透明

HTTP,6666,218.93.164.203,江苏常州,透明

HTTP,9797,182.88.123.251,广西南宁,透明

HTTPS,6666,114.227.19.124,江苏常州,透明

HTTPS,6666,121.231.146.29,江苏常州,透明

HTTPS,9000,119.122.2.178,广东深圳市龙岗区,透明

HTTP,3128,60.247.121.230,北京,透明

HTTPS,8888,42.96.168.79,北京,高匿

HTTPS,8118,222.76.187.174,福建厦门,高匿

HTTPS,6666,144.255.122.15,山东,高匿

HTTPS,31288,118.212.137.135,江西,透明

HTTPS,3128,211.159.177.212,北京,透明

HTTPS,80,122.72.18.35,甘肃,透明

HTTPS,80,119.28.152.208,北京,透明

HTTPS,3128,106.14.146.58,,透明

HTTPS,8888,124.193.37.5,北京,透明

HTTPS,80,59.44.16.6,辽宁沈阳,透明

HTTPS,3128,114.215.95.188,北京,透明

HTTPS,3128,139.224.80.139,,透明

HTTPS,3128,59.67.152.230,天津,透明

HTTPS,80,122.72.18.34,甘肃,透明

HTTPS,8118,222.76.187.114,福建厦门,高匿

HTTPS,3128,120.77.254.116,,透明

HTTPS,8888,120.78.78.141,,透明

HTTPS,80,114.113.126.83,北京,透明

HTTPS,53281,124.152.32.140,甘肃,透明

HTTPS,3128,101.37.79.125,,透明

HTTPS,3128,115.213.176.4,浙江丽水,高匿

HTTPS,8118,117.36.103.170,陕西西安,高匿

HTTPS,61234,113.121.246.7,山东德州,高匿

HTTPS,61234,183.23.74.193,广东东莞,高匿

HTTPS,6666,14.118.252.66,广东江门,高匿

HTTPS,61234,49.79.192.140,江苏,高匿

HTTPS,80,114.113.126.87,北京,透明

HTTPS,28225,114.238.55.3,江苏淮安,高匿

HTTPS,47591,125.104.253.22,浙江台州,高匿

HTTPS,61234,183.23.73.234,广东东莞,高匿

HTTPS,6666,60.176.236.51,浙江杭州,高匿

HTTPS,61202,27.36.158.142,广东佛山,高匿

HTTPS,40204,110.90.132.78,福建宁德,高匿

HTTPS,808,123.163.166.31,河南三门峡,高匿

HTTPS,9000,221.217.50.251,北京,透明

HTTPS,80,125.40.47.18,河南郑州,高匿

HTTPS,61202,125.77.80.164,福建福州,高匿

HTTPS,8118,180.212.140.219,天津,高匿

HTTPS,61202,222.41.154.226,陕西西安,高匿

HTTPS,3128,183.144.215.75,浙江绍兴,高匿

HTTPS,8088,183.14.110.236,广东深圳,透明

HTTPS,6666,125.118.78.175,浙江杭州,高匿

HTTPS,43010,113.121.178.128,山东,高匿

HTTPS,61202,36.49.82.213,吉林,高匿

HTTPS,34680,123.54.236.182,河南驻马店,高匿

HTTPS,8888,49.83.26.187,江苏盐城,高匿

HTTPS,47240,120.37.173.210,福建泉州,高匿

HTTPS,35106,114.229.35.44,江苏镇江,高匿

HTTPS,61234,14.120.183.164,广东深圳,高匿

HTTPS,39939,115.213.144.11,浙江丽水,高匿

HTTPS,8118,110.84.176.151,福建福州,高匿

HTTPS,80,114.113.126.82,北京,透明

HTTPS,6666,125.118.72.25,浙江杭州,高匿

HTTPS,10000,120.92.88.202,广东深圳,高匿

HTTPS,9797,180.152.105.203,上海,透明

HTTPS,10000,120.92.118.64,福建福州,透明

HTTPS,61202,219.139.109.10,湖北咸宁,高匿

HTTPS,8123,121.31.176.105,广西北海,高匿

HTTPS,6666,114.228.238.60,江苏常州,高匿

HTTPS,57624,222.186.12.102,江苏镇江,透明

HTTPS,6666,180.115.95.50,江苏常州,高匿

HTTPS,10000,120.92.119.120,福建福州,透明

HTTPS,41267,144.255.14.188,山东,高匿

HTTPS,61202,106.122.170.61,广东,高匿

HTTPS,61234,222.182.227.84,重庆,高匿

HTTPS,8123,182.88.179.223,广西南宁,高匿

HTTPS,36064,27.153.128.137,福建莆田,高匿

HTTPS,6666,218.93.164.53,江苏常州,透明

HTTPS,6666,114.228.75.120,江苏常州,高匿

HTTPS,6666,115.198.37.71,浙江杭州,高匿

HTTPS,61234,182.45.132.172,山东,高匿

HTTPS,6666,222.185.23.153,江苏常州,透明

HTTPS,3128,221.229.18.84,江苏扬州,高匿

HTTPS,8123,221.7.231.192,广西北海,高匿

HTTPS,9797,113.116.125.94,广东深圳,透明

HTTPS,23471,182.39.0.232,山东聊城,高匿

HTTPS,8123,115.46.77.143,广西南宁,高匿

HTTPS,3128,113.243.175.62,湖南,高匿

HTTPS,9999,182.121.200.47,河南洛阳,透明

HTTPS,6666,218.93.165.73,江苏常州,透明

HTTPS,6666,14.118.254.18,广东江门,高匿

HTTPS,8888,180.117.96.150,江苏,高匿

HTTPS,6666,123.56.223.224,河北,高匿

HTTPS,8888,119.185.24.78,山东滨州,高匿

HTTPS,44264,115.202.76.66,浙江台州,高匿

HTTPS,3128,221.229.18.37,江苏扬州,高匿

HTTPS,37054,115.226.147.232,浙江丽水,高匿

HTTPS,9797,113.77.240.158,广东东莞,透明

HTTPS,6666,114.228.237.154,江苏常州,高匿

HTTPS,9999,222.140.183.215,河南信阳,透明

HTTPS,808,114.230.41.217,江苏扬州,高匿

HTTPS,56721,222.186.45.65,江苏镇江,透明

HTTPS,6666,218.93.133.242,江苏常州,高匿

HTTPS,8123,121.31.146.59,广西北海,高匿

HTTPS,808,114.230.217.180,江苏扬州,高匿

HTTPS,9999,27.44.198.37,广东东莞,透明

HTTPS,48789,113.93.16.66,广东江门,高匿

HTTPS,44913,115.221.115.96,浙江温州,高匿

HTTPS,61234,222.182.227.198,重庆,高匿

HTTPS,53281,175.171.190.183,辽宁大连,透明

